Day,Predicted_Close
0,418.52203
1,410.2127
2,401.69907
3,393.11203
4,384.53906
